{
    "156": {
        "speaker": "SPEAKER_03",
        "original_sentence": "I doesn't have any doubts about the followed task.",
        "t5_checked_sentence": "I don't have any doubts about the following task.",
        "llm_explanation": "**Errors in the original sentence:**\n\n- Incorrect pronoun usage: \"I doesn't\" should be \"I don't\"\n- Incorrect verb tense: \"has\" should be \"have\"\n\n**Corrected sentence:**\n\n\"I don't have any doubts about the following task.\"\n\n**Explanation of corrections:**\n\n- The correct pronoun is \"I,\" not \"I doesn't.\"\n- The correct verb tense is \"have,\" as the action of having doubts occurs in the present tense.\n- The sentence is now grammatically correct and conveys the intended meaning.",
        "language_tool": [
            {
                "ruleId": "BASE_FORM",
                "message": "Possible verb agreement error — use the base form here.",
                "replacements": [
                    "don't"
                ],
                "offsetInContext": 2,
                "context": "I doesn't have any doubts about the followed task...",
                "offset": 2,
                "errorLength": 7,
                "category": "GRAMMAR",
                "ruleIssueType": "grammar",
                "sentence": "I doesn't have any doubts about the followed task."
            }
        ],
        "errant": [
            {
                "index": "156",
                "speaker": "SPEAKER_03",
                "original_sentence": "I doesn't have any doubts about the followed task.",
                "corrected_sentence": "I don't have any doubts about the following task.",
                "o_start": 1,
                "o_end": 2,
                "original_text": "doesn't",
                "c_start": 1,
                "c_end": 1,
                "corrected_text": "don't",
                "error_type": "R:ADV",
                "llm_explanation": "**Errors:**\n\n- Incorrect verb tense: \"I doesn't\" should be \"I don't\"\n- Incorrect use of \"supposing\""
            },
            {
                "index": "156",
                "speaker": "SPEAKER_03",
                "original_sentence": "I doesn't have any doubts about the followed task.",
                "corrected_sentence": "I don't have any doubts about the following task.",
                "o_start": 7,
                "o_end": 8,
                "original_text": "followed",
                "c_start": 7,
                "c_end": 7,
                "corrected_text": "following",
                "error_type": "R:MORPH",
                "llm_explanation": "**Errors:**\n\n- MORPH error: Incorrect use of morphology (word order)\n- Original sentence: I doesn't have any doubts about the followed task.\n- Corrected sentence: I don't have any doubts about the following task."
            }
        ]
    }
}