{
    "156": {
        "speaker": "SPEAKER_03",
        "original_sentence": "I doesn't have any doubts about the followed task.",
        "t5_checked_sentence": "I don't have any doubts about the following task.",
        "llm_explanation": "**Errors in the original sentence:**\n\n- Incorrect pronoun usage: \"I doesn't\" should be \"I don't\"\n- Incorrect verb tense: \"has\" should be \"have\"\n\n**Corrected sentence:**\n\n\"I don't have any doubts about the following task.\"\n\n**Explanation of corrections:**\n\n- The correct pronoun is \"I,\" not \"I doesn't.\"\n- The correct verb tense is \"have,\" as the action of having doubts occurs in the present tense.\n- The sentence is now grammatically correct and conveys the intended meaning.",
        "language_tool": [
            {
                "ruleId": "BASE_FORM",
                "message": "Possible verb agreement error — use the base form here.",
                "replacements": [
                    "don't"
                ],
                "offsetInContext": 2,
                "context": "I doesn't have any doubts about the followed task...",
                "offset": 2,
                "errorLength": 7,
                "category": "GRAMMAR",
                "ruleIssueType": "grammar",
                "sentence": "I doesn't have any doubts about the followed task."
            }
        ],
        "errant": [
            {
                "index": "156",
                "speaker": "SPEAKER_03",
                "original_sentence": "I doesn't have any doubts about the followed task.",
                "corrected_sentence": "I don't have any doubts about the following task.",
                "o_start": 1,
                "o_end": 2,
                "original_text": "doesn't",
                "c_start": 1,
                "c_end": 1,
                "corrected_text": "don't",
                "error_type": "R:ADV",
                "llm_explanation": "**Errors:**\n\n- Incorrect verb tense: \"I doesn't\" should be \"I don't\"\n- Incorrect use of \"supposing\"",
                "rag": [
                    {
                        "rank": 1,
                        "content": "ing, as in 1 above) or 'but he \ndoesn't intend to' (future meaning, as in 2). But the correct meaning is usually clear from the \ntext. Ambiguity of this kind can be avoided by using were/was + infinitive instead of the past \ntense in type 2. \nif he/she/it were can be used instead of if he/she/it was, and is considered the more correct \nform: \nIf he were to resign . . . = If he resigned . . . \nIf I were to succeed . . . = If I succeeded . . .  \nThis construction with were is chiefly found in fair"
                    },
                    {
                        "rank": 2,
                        "content": "at you didn't take one.\nWe cannot use the past simple or perfect in the main clause.\nNOT If you had taken a taxi, you got/had got here in time.\nNOTE\nWould have (or had have) is not used in the if-clause except in very informal speech.\nIf you'd have taken a taxi, you'd have got here on time.\nBut many people regard this as incorrect.\nb \nWe can use could + perfect in the if-clause.\nIf \nI could have warned you in time, I would have done.\nWe can use other modal verbs such as could or might+ perfect i"
                    },
                    {
                        "rank": 3,
                        "content": ", by\njealous for others\njealous of others\noutlook of life\noutlook on life\npuzzled on\npuzzled at, by\nsimilar with\nsimilar to\nThe 25 Most Common Usage Problems\n83\nG To avoid placing blame (“A mistake was made” rather than “You made a mistake.”)\nG To avoid identifying the doer of the action (“The letter was sent” rather than “Nicole\nsent the letter.”)\nMost Common Sentence Errors\n12. Fragments (incomplete sentences)\nFragment: If you want to be clearly understood.\nCorrect:\nDon’t write sentence fragme"
                    },
                    {
                        "rank": 4,
                        "content": "nto present\nRalph has been exercising all\nweek.\nPast perfect progressive\nContinuing action interrupted\nKatie had been repairing the\nby another\nfence that was damaged in the \nstorm.\nUsing Verbs Correctly\n39\n3. Don’t switch tenses in midstream.\nNever shift tenses in the middle of a sentence or a paragraph because it confuses readers.\nThis guideline is especially important if your sentence contains more than one verb.\nIncorrect: I thought I had broken the CD player when I dropped it on the floor, b"
                    },
                    {
                        "rank": 5,
                        "content": "ghtn't have given\ndon't like\ndidn't study\nWe cannot use no to make a negative verb form.\nThe bus didn't come. NOT The bus no came.\nPAGE 17\n3 STATEMENTS, QUESTIONS, IMPERATIVES ETC\nPAGE 18\n3 Not in other positions\nNot can come before a word or phrase when the speaker is correcting it.\nI \nordered tea, not coffee.\nThat's a nice green. ~ It's blue, not green.\nIs there a meeting today?~ Not today - tomorrow.\nNot can also come before a noun phrase with an expression of quantity (many) or\nbefore a phra"
                    }
                ]
            },
            {
                "index": "156",
                "speaker": "SPEAKER_03",
                "original_sentence": "I doesn't have any doubts about the followed task.",
                "corrected_sentence": "I don't have any doubts about the following task.",
                "o_start": 7,
                "o_end": 8,
                "original_text": "followed",
                "c_start": 7,
                "c_end": 7,
                "corrected_text": "following",
                "error_type": "R:MORPH",
                "llm_explanation": "**Errors:**\n\n- MORPH error: Incorrect use of morphology (word order)\n- Original sentence: I doesn't have any doubts about the followed task.\n- Corrected sentence: I don't have any doubts about the following task.",
                "rag": [
                    {
                        "rank": 1,
                        "content": "ng hot spots.\nThe 25 Top Writing Errors\nGrammar and Usage\n1. Lack of clarity\n2. Redundancy (unnecessary words)\n3. Problems with subject-verb agreement\n4. Lack of parallel structure\n5. Wrong verb tense\n6. Mixed metaphors\n7. Dangling modifiers\n8. Misplaced modifiers\n9. Incorrect idioms\n10. Biased language\n11. Incorrect voice (active versus passive voice)\nSentences\n12. Fragments (incomplete sentences)\n13. Run-ons (two sentences run together)\nSpelling\n14. Missing letters\n15. Extra letters\n16. Transp"
                    },
                    {
                        "rank": 2,
                        "content": ")\n13. Run-ons (two sentences run together)\nSpelling\n14. Missing letters\n15. Extra letters\n16. Transposed letters\n17. Incorrect plurals\n18. Errors in confusing word pairs (such as weather/whether)\nPunctuation\n19. Missing commas or extra commas\n20. Missing or misused apostrophes\n21. Misused exclamation marks\n22. Misused semicolons\nThe 25 Most Common Usage Problems\n79\nCapitalization\n23. Proper nouns not capitalized\n24. Errors in titles\nProofreading\n25. Missing words\nNow, we will review each of thes"
                    },
                    {
                        "rank": 3,
                        "content": "ction\nand form. Then you will practice correcting incomplete and incorrect\nsentences.\nT\nh\ni\ns\nC\nh\na\np\nt\ne\nr\n?\nt\no\nR\ne\na\nd\nD\no\nI\nN\ne\ne\nd\nCHAPTER 8\nWriting Correct and\nComplete Sentences\n115\nCopyright 2003 by The McGraw-Hill Companies, Inc. Click Here for Terms of Use.\n116\nENGLISH GRAMMAR FOR THE UTTERLY CONFUSED\nWhat is a Sentence?\nSentence: Halt!\nSentence: You halt!\nSentence: Please halt right now, before you go any further.\nEach of these three word groups is a sentence because they each meet th"
                    },
                    {
                        "rank": 4,
                        "content": "se with the participle\nright after the subject of the sentence: “Bob’s printer, rushing to finish the paper, broke.”\nYou can easily hear that it doesn’t sound right.\nNote: Not all words that end in -ing are participles. For example: “Completing the task by\nTuesday is your next assignment.” The word completing functions as a noun, not a verb.\n(Nouns ending in -ing are called gerunds.)\n8. Misplaced modifiers\nIncorrect: My parents bought a kitten for my sister they call Paws.\nCorrect:\nMy parents bo"
                    },
                    {
                        "rank": 5,
                        "content": "not capitalized\n24. Errors in titles\nProofreading\n25. Missing words\nNow, we will review each of these problem places so that you can have writing that is letter\nperfect.\nMost Common Grammar and Usage Errors\n1. Lack of clarity\nIncorrect: Prehistoric people used many inorganic substances difficult to find at archae-\nological sites, which included clay and rock.\nCorrect:\nPrehistoric people used many inorganic substances, including clay and rock,\nwhich are difficult to find at archaeological sites."
                    }
                ]
            }
        ]
    }
}